identifier,accuracy,precision,recall,Fscore,tp,fp,tn,fn
index,0.7853560447692871,0.25,0.019417475908994675,0.03603603634745954,4,12,779,202
binary,0.7873620986938477,0.3125,0.02427184395492077,0.04504504383049337,5,11,780,201
folder,0.7893680930137634,0.0,0.0,0.0,0,4,787,206
cached,0.7923771142959595,0.0,0.0,0.0,0,1,790,206
entry,0.7843530774116516,0.09090909361839294,0.004854368977248669,0.009216589957159849,1,10,781,205
node,0.7813440561294556,0.0714285746216774,0.004854368977248669,0.00909090919604848,1,13,778,205
member,0.7773320078849792,0.10000000149011612,0.009708737954497337,0.017699115217835987,2,18,773,204
type,0.7342026233673096,0.2293577939271927,0.12135922163724899,0.15873015629221013,25,84,707,181
binding,0.7733199596405029,0.31481480598449707,0.08252426981925964,0.13076922746452355,17,37,754,189
code,0.7923771142959595,0.48275861144065857,0.06796116381883621,0.11914893399865015,14,15,776,192
snippet,0.7893680930137634,0.3888888955116272,0.033980581909418106,0.06249999904551315,7,11,780,199
parser,0.7903711199760437,0.4285714328289032,0.04368932172656059,0.07929515646202609,9,12,779,197
location,0.7893680930137634,0.0,0.0,0.0,0,4,787,206
single,0.7813440561294556,0.1666666716337204,0.014563106931746006,0.026785714579276906,3,15,776,203
annotation,0.7683049440383911,0.12121212482452393,0.019417475908994675,0.03347280375371595,4,29,762,202
tag,0.7923771142959595,0.3333333432674408,0.004854368977248669,0.009569378082366771,1,2,789,205
recovered,0.7803410291671753,0.0,0.0,0.0,0,13,778,206
block,0.7893680930137634,0.1666666716337204,0.004854368977248669,0.00943396235748213,1,5,786,205
compilation,0.7833500504493713,0.27272728085517883,0.029126213863492012,0.05263157954159178,6,16,775,200
unit,0.7823470234870911,0.21052631735801697,0.019417475908994675,0.03555555588109993,4,15,776,202
element,0.7652958631515503,0.0625,0.009708737954497337,0.01680672282455508,2,30,761,204
info,0.7522567510604858,0.04444444552063942,0.009708737954497337,0.01593625517107169,2,43,748,204
ref,0.7883650660514832,0.0,0.0,0.0,0,5,786,206
selection,0.7723169326782227,0.07999999821186066,0.009708737954497337,0.01731601741794426,2,23,768,204
on,0.7402206659317017,0.0181818176060915,0.004854368977248669,0.007662835254237347,1,54,737,205
qualified,0.7813440561294556,0.25,0.029126213863492012,0.05217391347868231,6,18,773,200
name,0.7632898688316345,0.125,0.02427184395492077,0.04065040551493878,5,35,756,201
reference,0.7683049440383911,0.3333333432674408,0.12135922163724899,0.17793594268759644,25,50,741,181
looping,0.7923771142959595,0.0,0.0,0.0,0,1,790,206
flow,0.7883650660514832,0.27272728085517883,0.014563106931746006,0.027649769871479546,3,8,783,203
context,0.7893680930137634,0.375,0.029126213863492012,0.05405405452118932,6,10,781,200
key,0.7883650660514832,0.0,0.0,0.0,0,5,786,206
kind,0.7923771142959595,0.0,0.0,0.0,0,1,790,206
child,0.791374146938324,0.0,0.0,0.0,0,2,789,206
list,0.7903711199760437,0.0,0.0,0.0,0,3,788,206
property,0.7893680930137634,0.0,0.0,0.0,0,4,787,206
descriptor,0.7893680930137634,0.0,0.0,0.0,0,4,787,206
declaration,0.7683049440383911,0.2549019753932953,0.06310679763555527,0.10116731827765399,13,38,753,193
requestor,0.7783349752426147,0.10526315867900848,0.009708737954497337,0.017777777940549966,2,17,774,204
abstract,0.7873620986938477,0.20000000298023224,0.009708737954497337,0.018518518695776417,2,8,783,204
java,0.779338002204895,0.29411765933036804,0.04854368790984154,0.08333333174749791,10,24,767,196
search,0.7883650660514832,0.3684210479259491,0.033980581909418106,0.06222222112431938,7,12,779,199
scope,0.7963891625404358,0.6363636255264282,0.033980581909418106,0.0645161278683669,7,4,787,199
pattern,0.8104313015937805,0.8399999737739563,0.10194174945354462,0.18181818419517404,21,4,787,185
factory,0.7863590717315674,0.0,0.0,0.0,0,7,784,206
signature,0.7893680930137634,0.1666666716337204,0.004854368977248669,0.00943396235748213,1,5,786,205
attribute,0.7753259539604187,0.05000000074505806,0.004854368977248669,0.008849557608917993,1,19,772,205
message,0.7893680930137634,0.25,0.009708737954497337,0.018691588952618087,2,6,785,204
send,0.7903711199760437,0.2857142984867096,0.009708737954497337,0.018779342919742453,2,5,786,204
writer,0.791374146938324,0.0,0.0,0.0,0,2,789,206
javadoc,0.7693079113960266,0.125,0.019417475908994675,0.03361344564911016,4,28,763,202
initializer,0.779338002204895,0.0,0.0,0.0,0,14,777,206
weak,0.791374146938324,0.0,0.0,0.0,0,2,789,206
hash,0.7883650660514832,0.0,0.0,0.0,0,5,786,206
set,0.7783349752426147,0.05882352963089943,0.004854368977248669,0.008968609945177036,1,16,775,205
of,0.7813440561294556,0.20000000298023224,0.019417475908994675,0.035398230435671973,4,16,775,202
char,0.7853560447692871,0.0,0.0,0.0,0,8,783,206
array,0.7733199596405029,0.0,0.0,0.0,0,20,771,206
expression,0.7693079113960266,0.14705882966518402,0.02427184395492077,0.041666665873748954,5,29,762,201
method,0.7703109383583069,0.24444444477558136,0.05339805781841278,0.08764940182704138,11,34,757,195
with,0.7893680930137634,0.0,0.0,0.0,0,4,787,206
annotations,0.7863590717315674,0.0,0.0,0.0,0,7,784,206
constant,0.779338002204895,0.0625,0.004854368977248669,0.009009009086864885,1,15,776,205
pool,0.791374146938324,0.25,0.004854368977248669,0.009523809610817438,1,3,788,205
int,0.7853560447692871,0.0,0.0,0.0,0,8,783,206
super,0.7883650660514832,0.27272728085517883,0.014563106931746006,0.027649769871479546,3,8,783,203
completion,0.7562687993049622,0.16363635659217834,0.04368932172656059,0.06896551828304526,9,46,745,197
allocation,0.791374146938324,0.375,0.014563106931746006,0.028037383428927136,3,5,786,203
field,0.7753259539604187,0.21875,0.033980581909418106,0.058823528490504436,7,25,766,199
access,0.7833500504493713,0.0,0.0,0.0,0,10,781,206
external,0.791374146938324,0.25,0.004854368977248669,0.009523809610817438,1,3,788,205
package,0.7773320078849792,0.23333333432674408,0.033980581909418106,0.059322032993469415,7,23,768,199
fragment,0.7813440561294556,0.125,0.009708737954497337,0.01801801817372977,2,14,777,204
root,0.7893680930137634,0.25,0.009708737954497337,0.018691588952618087,2,6,785,204
result,0.791374146938324,0.25,0.004854368977248669,0.009523809610817438,1,3,788,205
to,0.7873620986938477,0.125,0.004854368977248669,0.009345794476309044,1,7,784,205
for,0.7903711199760437,0.0,0.0,0.0,0,3,788,206
statement,0.7632898688316345,0.1428571492433548,0.029126213863492012,0.04838709751484212,6,36,755,200
missing,0.7903711199760437,0.0,0.0,0.0,0,3,788,206
true,0.7923771142959595,0.0,0.0,0.0,0,1,790,206
literal,0.7723169326782227,0.07999999821186066,0.009708737954497337,0.01731601741794426,2,23,768,204
keyword,0.7903711199760437,0.0,0.0,0.0,0,3,788,206
format,0.7863590717315674,0.0,0.0,0.0,0,7,784,206
text,0.7903711199760437,0.0,0.0,0.0,0,3,788,206
import,0.7783349752426147,0.05882352963089943,0.004854368977248669,0.008968609945177036,1,16,775,205
substitution,0.7923771142959595,0.0,0.0,0.0,0,1,790,206
reader,0.7883650660514832,0.0,0.0,0.0,0,5,786,206
normal,0.791374146938324,0.0,0.0,0.0,0,2,789,206
source,0.7652958631515503,0.0882352963089943,0.014563106931746006,0.02500000028780455,3,31,760,203
container,0.7873620986938477,0.0,0.0,0.0,0,6,785,206
operation,0.7662988901138306,0.11428571492433548,0.019417475908994675,0.033195021038081605,4,31,760,202
cache,0.7823470234870911,0.07692307978868484,0.004854368977248669,0.009132420191522788,1,12,779,205
enumerator,0.7923771142959595,0.0,0.0,0.0,0,1,790,206
model,0.791374146938324,0.375,0.014563106931746006,0.028037383428927136,3,5,786,203
and,0.7933801412582397,0.5,0.004854368977248669,0.009615384704073802,1,1,790,205
or,0.7933801412582397,0.5,0.004854368977248669,0.009615384704073802,1,1,790,205
class,0.7813440561294556,0.22727273404598236,0.02427184395492077,0.04385964809746356,5,17,774,201
file,0.7833500504493713,0.25,0.02427184395492077,0.044247786438680305,5,15,776,201
struct,0.791374146938324,0.0,0.0,0.0,0,2,789,206
rule,0.7903711199760437,0.0,0.0,0.0,0,3,788,206
all,0.7923771142959595,0.0,0.0,0.0,0,1,790,206
project,0.79438316822052,0.6000000238418579,0.014563106931746006,0.02843601924267739,3,2,789,203
object,0.7873620986938477,0.0,0.0,0.0,0,6,785,206
foreach,0.79438316822052,1.0,0.004854368977248669,0.009661835838340427,1,0,791,205
event,0.7863590717315674,0.0,0.0,0.0,0,7,784,206
handler,0.791374146938324,0.0,0.0,0.0,0,2,789,206
finally,0.7923771142959595,0.0,0.0,0.0,0,1,790,206
unresolved,0.7923771142959595,0.3333333432674408,0.004854368977248669,0.009569378082366771,1,2,789,205
create,0.7843530774116516,0.09090909361839294,0.004854368977248669,0.009216589957159849,1,10,781,205
collection,0.7953861355781555,1.0,0.009708737954497337,0.019230769408147604,2,0,791,204
instance,0.7933801412582397,0.5,0.004854368977248669,0.009615384704073802,1,1,790,205
searcher,0.7923771142959595,0.0,0.0,0.0,0,1,790,206
component,0.791374146938324,0.0,0.0,0.0,0,2,789,206
break,0.791374146938324,0.0,0.0,0.0,0,2,789,206
holder,0.791374146938324,0.0,0.0,0.0,0,2,789,206
return,0.7923771142959595,0.4000000059604645,0.009708737954497337,0.01895734615062827,2,3,788,204
classpath,0.7833500504493713,0.25,0.02427184395492077,0.044247786438680305,5,15,776,201
jar,0.7863590717315674,0.1818181872367859,0.009708737954497337,0.018433179914319697,2,9,782,204
variables,0.7903711199760437,0.0,0.0,0.0,0,3,788,206
delete,0.7903711199760437,0.0,0.0,0.0,0,3,788,206
resource,0.7883650660514832,0.1428571492433548,0.004854368977248669,0.009389671459871227,1,6,785,205
elements,0.7863590717315674,0.1111111119389534,0.004854368977248669,0.009302325667304693,1,8,783,205
internal,0.7983951568603516,0.7777777910232544,0.033980581909418106,0.06511627798727745,7,2,789,199
naming,0.7953861355781555,1.0,0.009708737954497337,0.019230769408147604,2,0,791,204
conventions,0.7963891625404358,1.0,0.014563106931746006,0.02870813423481942,3,0,791,203
query,0.7923771142959595,0.0,0.0,0.0,0,1,790,206
switch,0.791374146938324,0.25,0.004854368977248669,0.009523809610817438,1,3,788,205
line,0.7853560447692871,0.0,0.0,0.0,0,8,783,206
comment,0.7863590717315674,0.29411765933036804,0.02427184395492077,0.044843048266303115,5,12,779,201
sub,0.7903711199760437,0.0,0.0,0.0,0,3,788,206
routine,0.791374146938324,0.0,0.0,0.0,0,2,789,206
process,0.7923771142959595,0.0,0.0,0.0,0,1,790,206
task,0.7923771142959595,0.0,0.0,0.0,0,1,790,206
manager,0.7923771142959595,0.4444444477558136,0.019417475908994675,0.03720930266921877,4,5,786,202
locator,0.8014042377471924,0.7222222089767456,0.06310679763555527,0.11607143096982175,13,5,786,193
based,0.7903711199760437,0.0,0.0,0.0,0,3,788,206
hierarchy,0.7853560447692871,0.10000000149011612,0.004854368977248669,0.009259259347888208,1,9,782,205
builder,0.7853560447692871,0.2142857164144516,0.014563106931746006,0.027272727527801906,3,11,780,203
recorder,0.7953861355781555,1.0,0.009708737954497337,0.019230769408147604,2,0,791,204
scanner,0.7883650660514832,0.2222222238779068,0.009708737954497337,0.018604651334609385,2,7,784,204
stack,0.7893680930137634,0.1666666716337204,0.004854368977248669,0.00943396235748213,1,5,786,205
map,0.7893680930137634,0.1666666716337204,0.004854368977248669,0.00943396235748213,1,5,786,205
invocation,0.7883650660514832,0.0,0.0,0.0,0,5,786,206
explicit,0.7923771142959595,0.3333333432674408,0.004854368977248669,0.009569378082366771,1,2,789,205
constructor,0.7923771142959595,0.4444444477558136,0.019417475908994675,0.03720930266921877,4,5,786,202
call,0.7923771142959595,0.3333333432674408,0.004854368977248669,0.009569378082366771,1,2,789,205
formatter,0.791374146938324,0.4000000059604645,0.019417475908994675,0.037037037391552834,4,6,785,202
capture,0.7923771142959595,0.0,0.0,0.0,0,1,790,206
parameterized,0.7893680930137634,0.30000001192092896,0.014563106931746006,0.027777778075602985,3,7,784,203
inference,0.7923771142959595,0.0,0.0,0.0,0,1,790,206
assert,0.7933801412582397,0.5,0.004854368977248669,0.009615384704073802,1,1,790,205
rewrite,0.7873620986938477,0.25,0.014563106931746006,0.02752293602203407,3,9,782,203
participant,0.791374146938324,0.25,0.004854368977248669,0.009523809610817438,1,3,788,205
parameter,0.7803410291671753,0.06666667014360428,0.004854368977248669,0.009049773866253165,1,14,777,205
environment,0.791374146938324,0.375,0.014563106931746006,0.028037383428927136,3,5,786,203
answer,0.7923771142959595,0.0,0.0,0.0,0,1,790,206
abort,0.7873620986938477,0.0,0.0,0.0,0,6,785,206
synchronized,0.791374146938324,0.0,0.0,0.0,0,2,789,206
default,0.7873620986938477,0.2857142984867096,0.019417475908994675,0.03636363678419392,4,10,781,202
mapper,0.7923771142959595,0.3333333432674408,0.004854368977248669,0.009569378082366771,1,2,789,205
enclosing,0.7923771142959595,0.0,0.0,0.0,0,1,790,206
value,0.779338002204895,0.0,0.0,0.0,0,14,777,206
short,0.7923771142959595,0.0,0.0,0.0,0,1,790,206
openable,0.791374146938324,0.0,0.0,0.0,0,2,789,206
min,0.791374146938324,0.0,0.0,0.0,0,2,789,206
buffer,0.7863590717315674,0.0,0.0,0.0,0,7,784,206
changed,0.791374146938324,0.0,0.0,0.0,0,2,789,206
null,0.7893680930137634,0.0,0.0,0.0,0,4,787,206
copy,0.7873620986938477,0.20000000298023224,0.009708737954497337,0.018518518695776417,2,8,783,204
multi,0.7903711199760437,0.20000000298023224,0.004854368977248669,0.009478673075314135,1,4,787,205
change,0.7923771142959595,0.4000000059604645,0.009708737954497337,0.01895734615062827,2,3,788,204
job,0.7903711199760437,0.0,0.0,0.0,0,3,788,206
visitor,0.7923771142959595,0.4285714328289032,0.014563106931746006,0.02816901434742621,3,4,787,203
simple,0.7823470234870911,0.0,0.0,0.0,0,11,780,206
cu,0.7923771142959595,0.0,0.0,0.0,0,1,790,206
vector,0.7893680930137634,0.0,0.0,0.0,0,4,787,206
searchable,0.7933801412582397,0.5,0.004854368977248669,0.009615384704073802,1,1,790,205
labeled,0.791374146938324,0.0,0.0,0.0,0,2,789,206
argument,0.7883650660514832,0.0,0.0,0.0,0,5,786,206
types,0.7933801412582397,0.5,0.004854368977248669,0.009615384704073802,1,1,790,205
guesser,0.7923771142959595,0.0,0.0,0.0,0,1,790,206
finder,0.7863590717315674,0.0,0.0,0.0,0,7,784,206
conditional,0.7903711199760437,0.0,0.0,0.0,0,3,788,206
workspace,0.7923771142959595,0.0,0.0,0.0,0,1,790,206
move,0.7903711199760437,0.0,0.0,0.0,0,3,788,206
batch,0.791374146938324,0.25,0.004854368977248669,0.009523809610817438,1,3,788,205
initialization,0.7933801412582397,0.5,0.004854368977248669,0.009615384704073802,1,1,790,205
monitor,0.791374146938324,0.0,0.0,0.0,0,2,789,206
util,0.791374146938324,0.3333333432674408,0.009708737954497337,0.01886792471496426,2,4,787,204
cancelable,0.7933801412582397,0.5,0.004854368977248669,0.009615384704073802,1,1,790,205
problem,0.7823470234870911,0.07692307978868484,0.004854368977248669,0.009132420191522788,1,12,779,205
local,0.7813440561294556,0.125,0.009708737954497337,0.01801801817372977,2,14,777,204
variable,0.7743229866027832,0.14814814925193787,0.019417475908994675,0.03433476426085434,4,23,768,202
resolved,0.7873620986938477,0.0,0.0,0.0,0,6,785,206
inner,0.7893680930137634,0.0,0.0,0.0,0,4,787,206
emulation,0.7923771142959595,0.0,0.0,0.0,0,1,790,206
dependency,0.7923771142959595,0.0,0.0,0.0,0,1,790,206
region,0.7873620986938477,0.0,0.0,0.0,0,6,785,206
public,0.7923771142959595,0.0,0.0,0.0,0,1,790,206
match,0.7843530774116516,0.3199999928474426,0.03883495181798935,0.06926406967177703,8,17,774,198
main,0.79438316822052,1.0,0.004854368977248669,0.009661835838340427,1,0,791,205
combined,0.7923771142959595,0.0,0.0,0.0,0,1,790,206
runtime,0.7893680930137634,0.0,0.0,0.0,0,4,787,206
invisible,0.791374146938324,0.0,0.0,0.0,0,2,789,206
ant,0.7923771142959595,0.0,0.0,0.0,0,1,790,206
adapter,0.7883650660514832,0.1428571492433548,0.004854368977248669,0.009389671459871227,1,6,785,205
messages,0.7923771142959595,0.3333333432674408,0.004854368977248669,0.009569378082366771,1,2,789,205
save,0.7923771142959595,0.0,0.0,0.0,0,1,790,206
empty,0.791374146938324,0.0,0.0,0.0,0,2,789,206
range,0.7893680930137634,0.0,0.0,0.0,0,4,787,206
byte,0.7933801412582397,0.5,0.004854368977248669,0.009615384704073802,1,1,790,205
this,0.7893680930137634,0.0,0.0,0.0,0,4,787,206
compiler,0.791374146938324,0.3333333432674408,0.009708737954497337,0.01886792471496426,2,4,787,204
number,0.7903711199760437,0.0,0.0,0.0,0,3,788,206
flattener,0.791374146938324,0.0,0.0,0.0,0,2,789,206
diagnose,0.7923771142959595,0.0,0.0,0.0,0,1,790,206
if,0.791374146938324,0.0,0.0,0.0,0,2,789,206
character,0.79438316822052,1.0,0.004854368977248669,0.009661835838340427,1,0,791,205
wrapper,0.7873620986938477,0.125,0.004854368977248669,0.009345794476309044,1,7,784,205
error,0.791374146938324,0.0,0.0,0.0,0,2,789,206
handling,0.7933801412582397,0.5,0.004854368977248669,0.009615384704073802,1,1,790,205
policies,0.7923771142959595,0.0,0.0,0.0,0,1,790,206
basic,0.7933801412582397,0.5,0.004854368977248669,0.009615384704073802,1,1,790,205
engine,0.7973921895027161,0.8333333134651184,0.02427184395492077,0.04716980995709158,5,1,790,201
assist,0.7813440561294556,0.0,0.0,0.0,0,12,779,206
double,0.7903711199760437,0.0,0.0,0.0,0,3,788,206
referenced,0.7953861355781555,1.0,0.009708737954497337,0.019230769408147604,2,0,791,204
lookup,0.7923771142959595,0.3333333432674408,0.004854368977248669,0.009569378082366771,1,2,789,205
table,0.7883650660514832,0.0,0.0,0.0,0,5,786,206
named,0.7923771142959595,0.0,0.0,0.0,0,1,790,206
indexer,0.791374146938324,0.25,0.004854368977248669,0.009523809610817438,1,3,788,205
structural,0.7923771142959595,0.0,0.0,0.0,0,1,790,206
body,0.7923771142959595,0.0,0.0,0.0,0,1,790,206
case,0.7903711199760437,0.0,0.0,0.0,0,3,788,206
label,0.791374146938324,0.3333333432674408,0.009708737954497337,0.01886792471496426,2,4,787,204
possible,0.791374146938324,0.0,0.0,0.0,0,2,789,206
constants,0.79438316822052,1.0,0.004854368977248669,0.009661835838340427,1,0,791,205
hashtable,0.7843530774116516,0.0,0.0,0.0,0,9,782,206
bytes,0.7923771142959595,0.0,0.0,0.0,0,1,790,206
disassembler,0.7933801412582397,0.5,0.004854368977248669,0.009615384704073802,1,1,790,205
primitive,0.7923771142959595,0.0,0.0,0.0,0,1,790,206
long,0.7883650660514832,0.0,0.0,0.0,0,5,786,206
evaluator,0.7903711199760437,0.0,0.0,0.0,0,3,788,206
found,0.791374146938324,0.0,0.0,0.0,0,2,789,206
implicit,0.7923771142959595,0.0,0.0,0.0,0,1,790,206
memento,0.7923771142959595,0.0,0.0,0.0,0,1,790,206
tokenizer,0.7923771142959595,0.0,0.0,0.0,0,1,790,206
frame,0.791374146938324,0.25,0.004854368977248669,0.009523809610817438,1,3,788,205
parenthesized,0.7923771142959595,0.0,0.0,0.0,0,1,790,206
processor,0.7933801412582397,0.5,0.004854368977248669,0.009615384704073802,1,1,790,205
updated,0.79438316822052,1.0,0.004854368977248669,0.009661835838340427,1,0,791,205
string,0.7883650660514832,0.2222222238779068,0.009708737954497337,0.018604651334609385,2,7,784,204
sorter,0.791374146938324,0.0,0.0,0.0,0,2,789,206
store,0.791374146938324,0.0,0.0,0.0,0,2,789,206
recovery,0.7903711199760437,0.0,0.0,0.0,0,3,788,206
invalid,0.791374146938324,0.0,0.0,0.0,0,2,789,206
input,0.7923771142959595,0.0,0.0,0.0,0,1,790,206
exception,0.7823470234870911,0.13333334028720856,0.009708737954497337,0.01809954773250633,2,13,778,204
end,0.7923771142959595,0.0,0.0,0.0,0,1,790,206
offsets,0.7923771142959595,0.0,0.0,0.0,0,1,790,206
methods,0.79438316822052,1.0,0.004854368977248669,0.009661835838340427,1,0,791,205
notifier,0.7903711199760437,0.0,0.0,0.0,0,3,788,206
prefix,0.791374146938324,0.0,0.0,0.0,0,2,789,206
pair,0.7843530774116516,0.0,0.0,0.0,0,9,782,206
selector,0.79438316822052,1.0,0.004854368977248669,0.009661835838340427,1,0,791,205
wildcard,0.7923771142959595,0.3333333432674408,0.004854368977248669,0.009569378082366771,1,2,789,205
document,0.791374146938324,0.3333333432674408,0.009708737954497337,0.01886792471496426,2,4,787,204
tool,0.7923771142959595,0.0,0.0,0.0,0,1,790,206
bytecode,0.79438316822052,1.0,0.004854368977248669,0.009661835838340427,1,0,791,205
throw,0.791374146938324,0.0,0.0,0.0,0,2,789,206
thrown,0.7923771142959595,0.0,0.0,0.0,0,1,790,206
working,0.7863590717315674,0.0,0.0,0.0,0,7,784,206
owner,0.791374146938324,0.0,0.0,0.0,0,2,789,206
annotatable,0.7923771142959595,0.0,0.0,0.0,0,1,790,206
creation,0.791374146938324,0.0,0.0,0.0,0,2,789,206
enum,0.7903711199760437,0.0,0.0,0.0,0,3,788,206
stats,0.7923771142959595,0.0,0.0,0.0,0,1,790,206
converter,0.791374146938324,0.25,0.004854368977248669,0.009523809610817438,1,3,788,205
continue,0.791374146938324,0.0,0.0,0.0,0,2,789,206
additional,0.79438316822052,1.0,0.004854368977248669,0.009661835838340427,1,0,791,205
entity,0.791374146938324,0.0,0.0,0.0,0,2,789,206
rename,0.791374146938324,0.0,0.0,0.0,0,2,789,206
matcher,0.7923771142959595,0.0,0.0,0.0,0,1,790,206
reconcile,0.791374146938324,0.0,0.0,0.0,0,2,789,206
doc,0.7923771142959595,0.3333333432674408,0.004854368977248669,0.009569378082366771,1,2,789,205
incremental,0.7933801412582397,0.5,0.004854368977248669,0.009615384704073802,1,1,790,205
image,0.7953861355781555,0.75,0.014563106931746006,0.02857142883245232,3,1,790,203
non,0.7923771142959595,0.0,0.0,0.0,0,1,790,206
float,0.7893680930137634,0.0,0.0,0.0,0,4,787,206
verbose,0.7923771142959595,0.0,0.0,0.0,0,1,790,206
compound,0.791374146938324,0.0,0.0,0.0,0,2,789,206
core,0.7923771142959595,0.3333333432674408,0.004854368977248669,0.009569378082366771,1,2,789,205
preference,0.791374146938324,0.0,0.0,0.0,0,2,789,206
verification,0.791374146938324,0.0,0.0,0.0,0,2,789,206
param,0.791374146938324,0.0,0.0,0.0,0,2,789,206
correction,0.79438316822052,1.0,0.004854368977248669,0.009661835838340427,1,0,791,205
directory,0.7883650660514832,0.0,0.0,0.0,0,5,786,206
memory,0.7923771142959595,0.0,0.0,0.0,0,1,790,206
resolver,0.7903711199760437,0.20000000298023224,0.004854368977248669,0.009478673075314135,1,4,787,205
classes,0.791374146938324,0.0,0.0,0.0,0,2,789,206
syntax,0.7923771142959595,0.0,0.0,0.0,0,1,790,206
propagator,0.791374146938324,0.0,0.0,0.0,0,2,789,206
handle,0.7923771142959595,0.0,0.0,0.0,0,1,790,206
tracked,0.7923771142959595,0.0,0.0,0.0,0,1,790,206
position,0.7923771142959595,0.0,0.0,0.0,0,1,790,206
analyzer,0.7953861355781555,1.0,0.009708737954497337,0.019230769408147604,2,0,791,204
evaluation,0.7903711199760437,0.0,0.0,0.0,0,3,788,206
check,0.7923771142959595,0.0,0.0,0.0,0,1,790,206
debug,0.7923771142959595,0.0,0.0,0.0,0,1,790,206
attributes,0.7923771142959595,0.0,0.0,0.0,0,1,790,206
extended,0.7933801412582397,0.5,0.004854368977248669,0.009615384704073802,1,1,790,205
work,0.7923771142959595,0.0,0.0,0.0,0,1,790,206
queue,0.7923771142959595,0.0,0.0,0.0,0,1,790,206
operator,0.7923771142959595,0.0,0.0,0.0,0,1,790,206
structure,0.7933801412582397,0.5,0.004854368977248669,0.009615384704073802,1,1,790,205
folders,0.79438316822052,1.0,0.004854368977248669,0.009661835838340427,1,0,791,205
boolean,0.791374146938324,0.0,0.0,0.0,0,2,789,206
parsing,0.791374146938324,0.0,0.0,0.0,0,2,789,206
read,0.7933801412582397,0.5,0.004854368977248669,0.009615384704073802,1,1,790,205
write,0.7923771142959595,0.0,0.0,0.0,0,1,790,206
status,0.7923771142959595,0.0,0.0,0.0,0,1,790,206
catch,0.7923771142959595,0.0,0.0,0.0,0,1,790,206
clause,0.7923771142959595,0.0,0.0,0.0,0,1,790,206
remove,0.791374146938324,0.0,0.0,0.0,0,2,789,206
from,0.791374146938324,0.0,0.0,0.0,0,2,789,206
build,0.7903711199760437,0.0,0.0,0.0,0,3,788,206
user,0.7893680930137634,0.0,0.0,0.0,0,4,787,206
library,0.7893680930137634,0.0,0.0,0.0,0,4,787,206
base,0.7923771142959595,0.0,0.0,0.0,0,1,790,206
optimized,0.7923771142959595,0.0,0.0,0.0,0,1,790,206
replace,0.7923771142959595,0.0,0.0,0.0,0,1,790,206
edit,0.7923771142959595,0.0,0.0,0.0,0,1,790,206
modify,0.7923771142959595,0.0,0.0,0.0,0,1,790,206
listener,0.7923771142959595,0.0,0.0,0.0,0,1,790,206
configurable,0.7923771142959595,0.0,0.0,0.0,0,1,790,206
option,0.7923771142959595,0.0,0.0,0.0,0,1,790,206
synthetic,0.7923771142959595,0.3333333432674408,0.004854368977248669,0.009569378082366771,1,2,789,205
cast,0.7933801412582397,0.5,0.004854368977248669,0.009615384704073802,1,1,790,205
updater,0.7923771142959595,0.0,0.0,0.0,0,1,790,206
marker,0.7903711199760437,0.0,0.0,0.0,0,3,788,206
registry,0.7923771142959595,0.0,0.0,0.0,0,1,790,206
visible,0.791374146938324,0.0,0.0,0.0,0,2,789,206
do,0.791374146938324,0.0,0.0,0.0,0,2,789,206
generic,0.791374146938324,0.0,0.0,0.0,0,2,789,206
try,0.7933801412582397,0.5,0.004854368977248669,0.009615384704073802,1,1,790,205
infix,0.7923771142959595,0.0,0.0,0.0,0,1,790,206
word,0.7923771142959595,0.0,0.0,0.0,0,1,790,206
delta,0.7923771142959595,0.4000000059604645,0.009708737954497337,0.01895734615062827,2,3,788,204
modifier,0.791374146938324,0.0,0.0,0.0,0,2,789,206
inside,0.7923771142959595,0.0,0.0,0.0,0,1,790,206
anonymous,0.7923771142959595,0.0,0.0,0.0,0,1,790,206
proposal,0.7953861355781555,1.0,0.009708737954497337,0.019230769408147604,2,0,791,204
unary,0.7923771142959595,0.0,0.0,0.0,0,1,790,206
flags,0.791374146938324,0.0,0.0,0.0,0,2,789,206
while,0.791374146938324,0.0,0.0,0.0,0,2,789,206
instanceof,0.7923771142959595,0.0,0.0,0.0,0,1,790,206
options,0.79438316822052,0.6666666865348816,0.009708737954497337,0.019138756164733543,2,1,790,204
helper,0.7923771142959595,0.0,0.0,0.0,0,1,790,206
global,0.791374146938324,0.0,0.0,0.0,0,2,789,206
indexing,0.7923771142959595,0.0,0.0,0.0,0,1,790,206
in,0.7923771142959595,0.0,0.0,0.0,0,1,790,206
assignment,0.7903711199760437,0.0,0.0,0.0,0,3,788,206
alignment,0.791374146938324,0.0,0.0,0.0,0,2,789,206
categorized,0.7923771142959595,0.0,0.0,0.0,0,1,790,206
application,0.7923771142959595,0.0,0.0,0.0,0,1,790,206
become,0.7923771142959595,0.0,0.0,0.0,0,1,790,206
nested,0.79438316822052,1.0,0.004854368977248669,0.009661835838340427,1,0,791,205
intersecting,0.79438316822052,1.0,0.004854368977248669,0.009661835838340427,1,0,791,205
overflowing,0.7923771142959595,0.0,0.0,0.0,0,1,790,206
integer,0.7923771142959595,0.0,0.0,0.0,0,1,790,206
recorded,0.7923771142959595,0.0,0.0,0.0,0,1,790,206
information,0.791374146938324,0.0,0.0,0.0,0,2,789,206
magic,0.7923771142959595,0.0,0.0,0.0,0,1,790,206
token,0.7923771142959595,0.0,0.0,0.0,0,1,790,206
target,0.7923771142959595,0.0,0.0,0.0,0,1,790,206
computer,0.7923771142959595,0.0,0.0,0.0,0,1,790,206
disk,0.7923771142959595,0.0,0.0,0.0,0,1,790,206
equal,0.7923771142959595,0.0,0.0,0.0,0,1,790,206
postfix,0.791374146938324,0.0,0.0,0.0,0,2,789,206
request,0.7923771142959595,0.0,0.0,0.0,0,1,790,206
validation,0.79438316822052,1.0,0.004854368977248669,0.009661835838340427,1,0,791,205
false,0.7923771142959595,0.0,0.0,0.0,0,1,790,206
commit,0.7923771142959595,0.0,0.0,0.0,0,1,790,206
state,0.7953861355781555,1.0,0.009708737954497337,0.019230769408147604,2,0,791,204
install,0.7923771142959595,0.0,0.0,0.0,0,1,790,206
naive,0.7923771142959595,0.0,0.0,0.0,0,1,790,206
verifier,0.7953861355781555,1.0,0.009708737954497337,0.019230769408147604,2,0,791,204
data,0.7923771142959595,0.0,0.0,0.0,0,1,790,206
discard,0.7923771142959595,0.0,0.0,0.0,0,1,790,206
secondary,0.79438316822052,1.0,0.004854368977248669,0.009661835838340427,1,0,791,205
enhanced,0.7923771142959595,0.0,0.0,0.0,0,1,790,206
comparator,0.7923771142959595,0.0,0.0,0.0,0,1,790,206
formatting,0.7923771142959595,0.0,0.0,0.0,0,1,790,206
reporter,0.79438316822052,1.0,0.004854368977248669,0.009661835838340427,1,0,791,205
path,0.7923771142959595,0.0,0.0,0.0,0,1,790,206
collector,0.7903711199760437,0.0,0.0,0.0,0,3,788,206
branch,0.7933801412582397,0.5,0.004854368977248669,0.009615384704073802,1,1,790,205
scribe,0.79438316822052,1.0,0.004854368977248669,0.009661835838340427,1,0,791,205
matching,0.7923771142959595,0.0,0.0,0.0,0,1,790,206
stream,0.79438316822052,0.6666666865348816,0.009708737954497337,0.019138756164733543,2,1,790,204
cursor,0.7923771142959595,0.0,0.0,0.0,0,1,790,206
cascading,0.7923771142959595,0.0,0.0,0.0,0,1,790,206
restriction,0.7923771142959595,0.0,0.0,0.0,0,1,790,206
conflict,0.7923771142959595,0.0,0.0,0.0,0,1,790,206
lex,0.7923771142959595,0.0,0.0,0.0,0,1,790,206
detector,0.7923771142959595,0.0,0.0,0.0,0,1,790,206
accessed,0.79438316822052,1.0,0.004854368977248669,0.009661835838340427,1,0,791,205
fields,0.79438316822052,1.0,0.004854368977248669,0.009661835838340427,1,0,791,205
opcode,0.79438316822052,1.0,0.004854368977248669,0.009661835838340427,1,0,791,205
values,0.7933801412582397,0.5,0.004854368977248669,0.009615384704073802,1,1,790,205
indent,0.7923771142959595,0.0,0.0,0.0,0,1,790,206
manipulation,0.7923771142959595,0.0,0.0,0.0,0,1,790,206
concatenation,0.7923771142959595,0.0,0.0,0.0,0,1,790,206
skeleton,0.7923771142959595,0.0,0.0,0.0,0,1,790,206
processing,0.79438316822052,1.0,0.004854368977248669,0.009661835838340427,1,0,791,205
add,0.7933801412582397,0.5,0.004854368977248669,0.009615384704073802,1,1,790,205
clinit,0.79438316822052,1.0,0.004854368977248669,0.009661835838340427,1,0,791,205
progress,0.7923771142959595,0.0,0.0,0.0,0,1,790,206
names,0.7923771142959595,0.0,0.0,0.0,0,1,790,206
sibling,0.7923771142959595,0.0,0.0,0.0,0,1,790,206
enumeration,0.7923771142959595,0.0,0.0,0.0,0,1,790,206
brank,0.7923771142959595,0.0,0.0,0.0,0,1,790,206
raw,0.7923771142959595,0.0,0.0,0.0,0,1,790,206
sort,0.7923771142959595,0.0,0.0,0.0,0,1,790,206
unconditional,0.7923771142959595,0.0,0.0,0.0,0,1,790,206
system,0.7923771142959595,0.0,0.0,0.0,0,1,790,206
should,0.7923771142959595,0.0,0.0,0.0,0,1,790,206
not,0.7923771142959595,0.0,0.0,0.0,0,1,790,206
implement,0.7923771142959595,0.0,0.0,0.0,0,1,790,206
