root of term,terms,accuracy,precision,recall,Fscore,tp,fp,tn,fn
pattern,[pattern],0.8104313015937805,0.8399999737739563,0.10194174945354462,0.18181818419517404,21,4,787,185
refer,[reference],0.7683049440383911,0.3333333432674408,0.12135922163724899,0.17793594268759644,25,50,741,181
type,[type; types],0.7342026233673096,0.23423422873020172,0.12621359527111053,0.16403785610583563,26,85,706,180
bind,[binding],0.7733199596405029,0.31481480598449707,0.08252426981925964,0.13076922746452355,17,37,754,189
code,[code],0.7923771142959595,0.48275861144065857,0.06796116381883621,0.11914893399865015,14,15,776,192
locat,[location; locator],0.7973921895027161,0.5909090638160706,0.06310679763555527,0.11403508969488305,13,9,782,193
declar,[declaration],0.7683049440383911,0.2549019753932953,0.06310679763555527,0.10116731827765399,13,38,753,193
method,[method; methods],0.7713139653205872,0.260869562625885,0.058252427726984024,0.0952380957904594,12,34,757,194
java,[java],0.779338002204895,0.29411765933036804,0.04854368790984154,0.08333333174749791,10,24,767,196
parser,[parser],0.7903711199760437,0.4285714328289032,0.04368932172656059,0.07929515646202609,9,12,779,197
complet,[completion],0.7562687993049622,0.16363635659217834,0.04368932172656059,0.06896551828304526,9,46,745,197
match,[match; matching],0.7833500504493713,0.3076923191547394,0.03883495181798935,0.06896551809961354,8,18,773,198
compil,[compilation; compiler],0.7813440561294556,0.2857142984867096,0.03883495181798935,0.06837606930242443,8,20,771,198
field,[field; fields],0.776328980922699,0.24242424964904785,0.03883495181798935,0.0669456075074319,8,25,766,198
intern,[internal],0.7983951568603516,0.7777777910232544,0.033980581909418106,0.06511627798727745,7,2,789,199
scope,[scope],0.7963891625404358,0.6363636255264282,0.033980581909418106,0.0645161278683669,7,4,787,199
snippet,[snippet],0.7893680930137634,0.3888888955116272,0.033980581909418106,0.06249999904551315,7,11,780,199
search,[search],0.7883650660514832,0.3684210479259491,0.033980581909418106,0.06222222112431938,7,12,779,199
packag,[package],0.7773320078849792,0.23333333432674408,0.033980581909418106,0.059322032993469415,7,23,768,199
name,[name; naming; named; names],0.7632898688316345,0.15909090638160706,0.033980581909418106,0.05599999899721145,7,37,754,199
context,[context],0.7893680930137634,0.375,0.029126213863492012,0.05405405452118932,6,10,781,200
qualifi,[qualified],0.7813440561294556,0.25,0.029126213863492012,0.05217391347868231,6,18,773,200
statement,[statement],0.7632898688316345,0.1428571492433548,0.029126213863492012,0.04838709751484212,6,36,755,200
engin,[engine],0.7973921895027161,0.8333333134651184,0.02427184395492077,0.04716980995709158,5,1,790,201
binari,[binary],0.7873620986938477,0.3125,0.02427184395492077,0.04504504383049337,5,11,780,201
comment,[comment],0.7863590717315674,0.29411765933036804,0.02427184395492077,0.044843048266303115,5,12,779,201
file,[file],0.7833500504493713,0.25,0.02427184395492077,0.044247786438680305,5,15,776,201
classpath,[classpath],0.7833500504493713,0.25,0.02427184395492077,0.044247786438680305,5,15,776,201
index,[index; indexer; indexing],0.7823470234870911,0.2380952388048172,0.02427184395492077,0.04405286228663246,5,16,775,201
class,[class; classes],0.779338002204895,0.2083333283662796,0.02427184395492077,0.04347825962986748,5,19,772,201
express,[expression],0.7693079113960266,0.14705882966518402,0.02427184395492077,0.041666665873748954,5,29,762,201
manag,[manager],0.7923771142959595,0.4444444477558136,0.019417475908994675,0.03720930266921877,4,5,786,202
constructor,[constructor],0.7923771142959595,0.4444444477558136,0.019417475908994675,0.03720930266921877,4,5,786,202
formatt,[formatter],0.791374146938324,0.4000000059604645,0.019417475908994675,0.037037037391552834,4,6,785,202
default,[default],0.7873620986938477,0.2857142984867096,0.019417475908994675,0.03636363678419392,4,10,781,202
unit,[unit],0.7823470234870911,0.21052631735801697,0.019417475908994675,0.03555555588109993,4,15,776,202
of,[of],0.7813440561294556,0.20000000298023224,0.019417475908994675,0.035398230435671973,4,16,775,202
variabl,[variables; variable],0.7713139653205872,0.13333334028720856,0.019417475908994675,0.03389830558505406,4,26,765,202
javadoc,[javadoc],0.7693079113960266,0.125,0.019417475908994675,0.03361344564911016,4,28,763,202
oper,[operation; operator],0.7652958631515503,0.1111111119389534,0.019417475908994675,0.033057851538384725,4,32,759,202
annot,[annotation; annotations],0.7622868418693542,0.10256410390138626,0.019417475908994675,0.032653061547958565,4,35,756,202
convent,[conventions],0.7963891625404358,1.0,0.014563106931746006,0.02870813423481942,3,0,791,203
imag,[image],0.7953861355781555,0.75,0.014563106931746006,0.02857142883245232,3,1,790,203
project,[project],0.79438316822052,0.6000000238418579,0.014563106931746006,0.02843601924267739,3,2,789,203
visitor,[visitor],0.7923771142959595,0.4285714328289032,0.014563106931746006,0.02816901434742621,3,4,787,203
environ,[environment],0.791374146938324,0.375,0.014563106931746006,0.028037383428927136,3,5,786,203
model,[model],0.791374146938324,0.375,0.014563106931746006,0.028037383428927136,3,5,786,203
alloc,[allocation],0.791374146938324,0.375,0.014563106931746006,0.028037383428927136,3,5,786,203
parameter,[parameterized],0.7893680930137634,0.30000001192092896,0.014563106931746006,0.027777778075602985,3,7,784,203
messag,[message; messages],0.7883650660514832,0.27272728085517883,0.014563106931746006,0.027649769871479546,3,8,783,203
super,[super],0.7883650660514832,0.27272728085517883,0.014563106931746006,0.027649769871479546,3,8,783,203
flow,[flow],0.7883650660514832,0.27272728085517883,0.014563106931746006,0.027649769871479546,3,8,783,203
rewrit,[rewrite],0.7873620986938477,0.25,0.014563106931746006,0.02752293602203407,3,9,782,203
builder,[builder],0.7853560447692871,0.2142857164144516,0.014563106931746006,0.027272727527801906,3,11,780,203
singl,[single],0.7813440561294556,0.1666666716337204,0.014563106931746006,0.026785714579276906,3,15,776,203
sourc,[source],0.7652958631515503,0.0882352963089943,0.014563106931746006,0.02500000028780455,3,31,760,203
element,[element; elements],0.7582748532295227,0.0731707289814949,0.014563106931746006,0.02429149801417713,3,38,753,203
referenc,[referenced],0.7953861355781555,1.0,0.009708737954497337,0.019230769408147604,2,0,791,204
collect,[collection],0.7953861355781555,1.0,0.009708737954497337,0.019230769408147604,2,0,791,204
analyz,[analyzer],0.7953861355781555,1.0,0.009708737954497337,0.019230769408147604,2,0,791,204
propos,[proposal],0.7953861355781555,1.0,0.009708737954497337,0.019230769408147604,2,0,791,204
state,[state],0.7953861355781555,1.0,0.009708737954497337,0.019230769408147604,2,0,791,204
verifi,[verifier],0.7953861355781555,1.0,0.009708737954497337,0.019230769408147604,2,0,791,204
record,[recorder; recorded],0.79438316822052,0.6666666865348816,0.009708737954497337,0.019138756164733543,2,1,790,204
stream,[stream],0.79438316822052,0.6666666865348816,0.009708737954497337,0.019138756164733543,2,1,790,204
option,[option; options],0.7933801412582397,0.5,0.009708737954497337,0.019047619221634875,2,2,789,204
return,[return],0.7923771142959595,0.4000000059604645,0.009708737954497337,0.01895734615062827,2,3,788,204
delta,[delta],0.7923771142959595,0.4000000059604645,0.009708737954497337,0.01895734615062827,2,3,788,204
util,[util],0.791374146938324,0.3333333432674408,0.009708737954497337,0.01886792471496426,2,4,787,204
document,[document],0.791374146938324,0.3333333432674408,0.009708737954497337,0.01886792471496426,2,4,787,204
send,[send],0.7903711199760437,0.2857142984867096,0.009708737954497337,0.018779342919742453,2,5,786,204
chang,[changed; change],0.7903711199760437,0.2857142984867096,0.009708737954497337,0.018779342919742453,2,5,786,204
label,[labeled; label],0.7893680930137634,0.25,0.009708737954497337,0.018691588952618087,2,6,785,204
root,[root],0.7893680930137634,0.25,0.009708737954497337,0.018691588952618087,2,6,785,204
string,[string],0.7883650660514832,0.2222222238779068,0.009708737954497337,0.018604651334609385,2,7,784,204
scanner,[scanner],0.7883650660514832,0.2222222238779068,0.009708737954497337,0.018604651334609385,2,7,784,204
abstract,[abstract],0.7873620986938477,0.20000000298023224,0.009708737954497337,0.018518518695776417,2,8,783,204
copi,[copy],0.7873620986938477,0.20000000298023224,0.009708737954497337,0.018518518695776417,2,8,783,204
jar,[jar],0.7863590717315674,0.1818181872367859,0.009708737954497337,0.018433179914319697,2,9,782,204
except,[exception],0.7823470234870911,0.13333334028720856,0.009708737954497337,0.01809954773250633,2,13,778,204
fragment,[fragment],0.7813440561294556,0.125,0.009708737954497337,0.01801801817372977,2,14,777,204
local,[local],0.7813440561294556,0.125,0.009708737954497337,0.01801801817372977,2,14,777,204
constant,[constant; constants],0.7803410291671753,0.11764705926179886,0.009708737954497337,0.017937219890354072,2,15,776,204
requestor,[requestor],0.7783349752426147,0.10526315867900848,0.009708737954497337,0.017777777940549966,2,17,774,204
member,[member],0.7773320078849792,0.10000000149011612,0.009708737954497337,0.017699115217835987,2,18,773,204
select,[selection],0.7723169326782227,0.07999999821186066,0.009708737954497337,0.01731601741794426,2,23,768,204
liter,[literal],0.7723169326782227,0.07999999821186066,0.009708737954497337,0.01731601741794426,2,23,768,204
info,[info],0.7522567510604858,0.04444444552063942,0.009708737954497337,0.01593625517107169,2,43,748,204
foreach,[foreach],0.79438316822052,1.0,0.004854368977248669,0.009661835838340427,1,0,791,205
selector,[selector],0.79438316822052,1.0,0.004854368977248669,0.009661835838340427,1,0,791,205
main,[main],0.79438316822052,1.0,0.004854368977248669,0.009661835838340427,1,0,791,205
bytecod,[bytecode],0.79438316822052,1.0,0.004854368977248669,0.009661835838340427,1,0,791,205
nest,[nested],0.79438316822052,1.0,0.004854368977248669,0.009661835838340427,1,0,791,205
intersect,[intersecting],0.79438316822052,1.0,0.004854368977248669,0.009661835838340427,1,0,791,205
valid,[validation],0.79438316822052,1.0,0.004854368977248669,0.009661835838340427,1,0,791,205
addit,[additional],0.79438316822052,1.0,0.004854368977248669,0.009661835838340427,1,0,791,205
charact,[character],0.79438316822052,1.0,0.004854368977248669,0.009661835838340427,1,0,791,205
secondari,[secondary],0.79438316822052,1.0,0.004854368977248669,0.009661835838340427,1,0,791,205
report,[reporter],0.79438316822052,1.0,0.004854368977248669,0.009661835838340427,1,0,791,205
scribe,[scribe],0.79438316822052,1.0,0.004854368977248669,0.009661835838340427,1,0,791,205
correct,[correction],0.79438316822052,1.0,0.004854368977248669,0.009661835838340427,1,0,791,205
opcod,[opcode],0.79438316822052,1.0,0.004854368977248669,0.009661835838340427,1,0,791,205
clinit,[clinit],0.79438316822052,1.0,0.004854368977248669,0.009661835838340427,1,0,791,205
processor,[processor],0.7933801412582397,0.5,0.004854368977248669,0.009615384704073802,1,1,790,205
cast,[cast],0.7933801412582397,0.5,0.004854368977248669,0.009615384704073802,1,1,790,205
try,[try],0.7933801412582397,0.5,0.004854368977248669,0.009615384704073802,1,1,790,205
updat,[updated; updater],0.7933801412582397,0.5,0.004854368977248669,0.009615384704073802,1,1,790,205
cancel,[cancelable],0.7933801412582397,0.5,0.004854368977248669,0.009615384704073802,1,1,790,205
or,[or],0.7933801412582397,0.5,0.004854368977248669,0.009615384704073802,1,1,790,205
assert,[assert],0.7933801412582397,0.5,0.004854368977248669,0.009615384704073802,1,1,790,205
process,[process; processing],0.7933801412582397,0.5,0.004854368977248669,0.009615384704073802,1,1,790,205
searchabl,[searchable],0.7933801412582397,0.5,0.004854368977248669,0.009615384704073802,1,1,790,205
basic,[basic],0.7933801412582397,0.5,0.004854368977248669,0.009615384704073802,1,1,790,205
increment,[incremental],0.7933801412582397,0.5,0.004854368977248669,0.009615384704073802,1,1,790,205
and,[and],0.7933801412582397,0.5,0.004854368977248669,0.009615384704073802,1,1,790,205
branch,[branch],0.7933801412582397,0.5,0.004854368977248669,0.009615384704073802,1,1,790,205
instanc,[instance],0.7933801412582397,0.5,0.004854368977248669,0.009615384704073802,1,1,790,205
disassembl,[disassembler],0.7933801412582397,0.5,0.004854368977248669,0.009615384704073802,1,1,790,205
extend,[extended],0.7933801412582397,0.5,0.004854368977248669,0.009615384704073802,1,1,790,205
add,[add],0.7933801412582397,0.5,0.004854368977248669,0.009615384704073802,1,1,790,205
read,[read],0.7933801412582397,0.5,0.004854368977248669,0.009615384704073802,1,1,790,205
mapper,[mapper],0.7923771142959595,0.3333333432674408,0.004854368977248669,0.009569378082366771,1,2,789,205
byte,[byte; bytes],0.7923771142959595,0.3333333432674408,0.004854368977248669,0.009569378082366771,1,2,789,205
core,[core],0.7923771142959595,0.3333333432674408,0.004854368977248669,0.009569378082366771,1,2,789,205
tag,[tag],0.7923771142959595,0.3333333432674408,0.004854368977248669,0.009569378082366771,1,2,789,205
handl,[handling; handle],0.7923771142959595,0.3333333432674408,0.004854368977248669,0.009569378082366771,1,2,789,205
call,[call],0.7923771142959595,0.3333333432674408,0.004854368977248669,0.009569378082366771,1,2,789,205
unresolv,[unresolved],0.7923771142959595,0.3333333432674408,0.004854368977248669,0.009569378082366771,1,2,789,205
wildcard,[wildcard],0.7923771142959595,0.3333333432674408,0.004854368977248669,0.009569378082366771,1,2,789,205
synthet,[synthetic],0.7923771142959595,0.3333333432674408,0.004854368977248669,0.009569378082366771,1,2,789,205
explicit,[explicit],0.7923771142959595,0.3333333432674408,0.004854368977248669,0.009569378082366771,1,2,789,205
lookup,[lookup],0.7923771142959595,0.3333333432674408,0.004854368977248669,0.009569378082366771,1,2,789,205
structur,[structural; structure],0.7923771142959595,0.3333333432674408,0.004854368977248669,0.009569378082366771,1,2,789,205
doc,[doc],0.7923771142959595,0.3333333432674408,0.004854368977248669,0.009569378082366771,1,2,789,205
particip,[participant],0.791374146938324,0.25,0.004854368977248669,0.009523809610817438,1,3,788,205
frame,[frame],0.791374146938324,0.25,0.004854368977248669,0.009523809610817438,1,3,788,205
extern,[external],0.791374146938324,0.25,0.004854368977248669,0.009523809610817438,1,3,788,205
convert,[converter],0.791374146938324,0.25,0.004854368977248669,0.009523809610817438,1,3,788,205
pool,[pool],0.791374146938324,0.25,0.004854368977248669,0.009523809610817438,1,3,788,205
switch,[switch],0.791374146938324,0.25,0.004854368977248669,0.009523809610817438,1,3,788,205
batch,[batch],0.791374146938324,0.25,0.004854368977248669,0.009523809610817438,1,3,788,205
result,[result],0.791374146938324,0.25,0.004854368977248669,0.009523809610817438,1,3,788,205
folder,[folder; folders],0.7903711199760437,0.20000000298023224,0.004854368977248669,0.009478673075314135,1,4,787,205
multi,[multi],0.7903711199760437,0.20000000298023224,0.004854368977248669,0.009478673075314135,1,4,787,205
stack,[stack],0.7893680930137634,0.1666666716337204,0.004854368977248669,0.00943396235748213,1,5,786,205
map,[map],0.7893680930137634,0.1666666716337204,0.004854368977248669,0.00943396235748213,1,5,786,205
block,[block],0.7893680930137634,0.1666666716337204,0.004854368977248669,0.00943396235748213,1,5,786,205
signatur,[signature],0.7893680930137634,0.1666666716337204,0.004854368977248669,0.00943396235748213,1,5,786,205
adapt,[adapter],0.7883650660514832,0.1428571492433548,0.004854368977248669,0.009389671459871227,1,6,785,205
resourc,[resource],0.7883650660514832,0.1428571492433548,0.004854368977248669,0.009389671459871227,1,6,785,205
wrapper,[wrapper],0.7873620986938477,0.125,0.004854368977248669,0.009345794476309044,1,7,784,205
to,[to],0.7873620986938477,0.125,0.004854368977248669,0.009345794476309044,1,7,784,205
hierarchi,[hierarchy],0.7853560447692871,0.10000000149011612,0.004854368977248669,0.009259259347888208,1,9,782,205
resolv,[resolved; resolver],0.7843530774116516,0.09090909361839294,0.004854368977248669,0.009216589957159849,1,10,781,205
access,[access; accessed],0.7843530774116516,0.09090909361839294,0.004854368977248669,0.009216589957159849,1,10,781,205
creat,[create],0.7843530774116516,0.09090909361839294,0.004854368977248669,0.009216589957159849,1,10,781,205
entri,[entry],0.7843530774116516,0.09090909361839294,0.004854368977248669,0.009216589957159849,1,10,781,205
problem,[problem],0.7823470234870911,0.07692307978868484,0.004854368977248669,0.009132420191522788,1,12,779,205
cach,[cached; cache],0.7813440561294556,0.0714285746216774,0.004854368977248669,0.00909090919604848,1,13,778,205
node,[node],0.7813440561294556,0.0714285746216774,0.004854368977248669,0.00909090919604848,1,13,778,205
paramet,[parameter],0.7803410291671753,0.06666667014360428,0.004854368977248669,0.009049773866253165,1,14,777,205
valu,[value; values],0.779338002204895,0.0625,0.004854368977248669,0.009009009086864885,1,15,776,205
initi,[initializer; initialization],0.779338002204895,0.0625,0.004854368977248669,0.009009009086864885,1,15,776,205
set,[set],0.7783349752426147,0.05882352963089943,0.004854368977248669,0.008968609945177036,1,16,775,205
import,[import],0.7783349752426147,0.05882352963089943,0.004854368977248669,0.008968609945177036,1,16,775,205
attribut,[attribute; attributes],0.7743229866027832,0.0476190485060215,0.004854368977248669,0.0088105727768705,1,20,771,205
on,[on],0.7402206659317017,0.0181818176060915,0.004854368977248669,0.007662835254237347,1,54,737,205
simpl,[simple],0.7823470234870911,0.0,0.0,0.0,0,11,780,206
cu,[cu],0.7923771142959595,0.0,0.0,0.0,0,1,790,206
vector,[vector],0.7893680930137634,0.0,0.0,0.0,0,4,787,206
char,[char],0.7853560447692871,0.0,0.0,0.0,0,8,783,206
searcher,[searcher],0.7923771142959595,0.0,0.0,0.0,0,1,790,206
argument,[argument],0.7883650660514832,0.0,0.0,0.0,0,5,786,206
guesser,[guesser],0.7923771142959595,0.0,0.0,0.0,0,1,790,206
finder,[finder],0.7863590717315674,0.0,0.0,0.0,0,7,784,206
condit,[conditional],0.7903711199760437,0.0,0.0,0.0,0,3,788,206
workspac,[workspace],0.7923771142959595,0.0,0.0,0.0,0,1,790,206
move,[move],0.7903711199760437,0.0,0.0,0.0,0,3,788,206
compon,[component],0.791374146938324,0.0,0.0,0.0,0,2,789,206
monitor,[monitor],0.791374146938324,0.0,0.0,0.0,0,2,789,206
break,[break],0.791374146938324,0.0,0.0,0.0,0,2,789,206
holder,[holder],0.791374146938324,0.0,0.0,0.0,0,2,789,206
arrai,[array],0.7733199596405029,0.0,0.0,0.0,0,20,771,206
for,[for],0.7903711199760437,0.0,0.0,0.0,0,3,788,206
list,[list],0.7903711199760437,0.0,0.0,0.0,0,3,788,206
inner,[inner],0.7893680930137634,0.0,0.0,0.0,0,4,787,206
emul,[emulation],0.7923771142959595,0.0,0.0,0.0,0,1,790,206
depend,[dependency],0.7923771142959595,0.0,0.0,0.0,0,1,790,206
region,[region],0.7873620986938477,0.0,0.0,0.0,0,6,785,206
public,[public],0.7923771142959595,0.0,0.0,0.0,0,1,790,206
miss,[missing],0.7903711199760437,0.0,0.0,0.0,0,3,788,206
delet,[delete],0.7903711199760437,0.0,0.0,0.0,0,3,788,206
combin,[combined],0.7923771142959595,0.0,0.0,0.0,0,1,790,206
runtim,[runtime],0.7893680930137634,0.0,0.0,0.0,0,4,787,206
invis,[invisible],0.791374146938324,0.0,0.0,0.0,0,2,789,206
ant,[ant],0.7923771142959595,0.0,0.0,0.0,0,1,790,206
true,[true],0.7923771142959595,0.0,0.0,0.0,0,1,790,206
save,[save],0.7923771142959595,0.0,0.0,0.0,0,1,790,206
empti,[empty],0.791374146938324,0.0,0.0,0.0,0,2,789,206
rang,[range],0.7893680930137634,0.0,0.0,0.0,0,4,787,206
factori,[factory],0.7863590717315674,0.0,0.0,0.0,0,7,784,206
thi,[this],0.7893680930137634,0.0,0.0,0.0,0,4,787,206
number,[number],0.7903711199760437,0.0,0.0,0.0,0,3,788,206
flatten,[flattener],0.791374146938324,0.0,0.0,0.0,0,2,789,206
diagnos,[diagnose],0.7923771142959595,0.0,0.0,0.0,0,1,790,206
if,[if],0.791374146938324,0.0,0.0,0.0,0,2,789,206
keyword,[keyword],0.7903711199760437,0.0,0.0,0.0,0,3,788,206
queri,[query],0.7923771142959595,0.0,0.0,0.0,0,1,790,206
error,[error],0.791374146938324,0.0,0.0,0.0,0,2,789,206
format,[format; formatting],0.7853560447692871,0.0,0.0,0.0,0,8,783,206
polici,[policies],0.7923771142959595,0.0,0.0,0.0,0,1,790,206
line,[line],0.7853560447692871,0.0,0.0,0.0,0,8,783,206
text,[text],0.7903711199760437,0.0,0.0,0.0,0,3,788,206
assist,[assist],0.7813440561294556,0.0,0.0,0.0,0,12,779,206
doubl,[double],0.7903711199760437,0.0,0.0,0.0,0,3,788,206
sub,[sub],0.7903711199760437,0.0,0.0,0.0,0,3,788,206
routin,[routine],0.791374146938324,0.0,0.0,0.0,0,2,789,206
tabl,[table],0.7883650660514832,0.0,0.0,0.0,0,5,786,206
with,[with],0.7893680930137634,0.0,0.0,0.0,0,4,787,206
bodi,[body],0.7923771142959595,0.0,0.0,0.0,0,1,790,206
case,[case],0.7903711199760437,0.0,0.0,0.0,0,3,788,206
possibl,[possible],0.791374146938324,0.0,0.0,0.0,0,2,789,206
hashtabl,[hashtable],0.7843530774116516,0.0,0.0,0.0,0,9,782,206
task,[task],0.7923771142959595,0.0,0.0,0.0,0,1,790,206
primit,[primitive],0.7923771142959595,0.0,0.0,0.0,0,1,790,206
long,[long],0.7883650660514832,0.0,0.0,0.0,0,5,786,206
evalu,[evaluator; evaluation],0.7873620986938477,0.0,0.0,0.0,0,6,785,206
found,[found],0.791374146938324,0.0,0.0,0.0,0,2,789,206
implicit,[implicit],0.7923771142959595,0.0,0.0,0.0,0,1,790,206
memento,[memento],0.7923771142959595,0.0,0.0,0.0,0,1,790,206
token,[tokenizer; token],0.791374146938324,0.0,0.0,0.0,0,2,789,206
substitut,[substitution],0.7923771142959595,0.0,0.0,0.0,0,1,790,206
parenthes,[parenthesized],0.7923771142959595,0.0,0.0,0.0,0,1,790,206
base,[based; base],0.7893680930137634,0.0,0.0,0.0,0,4,787,206
reader,[reader],0.7883650660514832,0.0,0.0,0.0,0,5,786,206
normal,[normal],0.791374146938324,0.0,0.0,0.0,0,2,789,206
sorter,[sorter],0.791374146938324,0.0,0.0,0.0,0,2,789,206
store,[store],0.791374146938324,0.0,0.0,0.0,0,2,789,206
recoveri,[recovery],0.7903711199760437,0.0,0.0,0.0,0,3,788,206
invalid,[invalid],0.791374146938324,0.0,0.0,0.0,0,2,789,206
input,[input],0.7923771142959595,0.0,0.0,0.0,0,1,790,206
properti,[property],0.7893680930137634,0.0,0.0,0.0,0,4,787,206
end,[end],0.7923771142959595,0.0,0.0,0.0,0,1,790,206
offset,[offsets],0.7923771142959595,0.0,0.0,0.0,0,1,790,206
notifi,[notifier],0.7903711199760437,0.0,0.0,0.0,0,3,788,206
prefix,[prefix],0.791374146938324,0.0,0.0,0.0,0,2,789,206
pair,[pair],0.7843530774116516,0.0,0.0,0.0,0,9,782,206
contain,[container],0.7873620986938477,0.0,0.0,0.0,0,6,785,206
descriptor,[descriptor],0.7893680930137634,0.0,0.0,0.0,0,4,787,206
enumer,[enumerator; enumeration],0.791374146938324,0.0,0.0,0.0,0,2,789,206
tool,[tool],0.7923771142959595,0.0,0.0,0.0,0,1,790,206
invoc,[invocation],0.7883650660514832,0.0,0.0,0.0,0,5,786,206
throw,[throw],0.791374146938324,0.0,0.0,0.0,0,2,789,206
thrown,[thrown],0.7923771142959595,0.0,0.0,0.0,0,1,790,206
work,[working; work],0.7853560447692871,0.0,0.0,0.0,0,8,783,206
owner,[owner],0.791374146938324,0.0,0.0,0.0,0,2,789,206
annotat,[annotatable],0.7923771142959595,0.0,0.0,0.0,0,1,790,206
creation,[creation],0.791374146938324,0.0,0.0,0.0,0,2,789,206
enum,[enum],0.7903711199760437,0.0,0.0,0.0,0,3,788,206
stat,[stats],0.7923771142959595,0.0,0.0,0.0,0,1,790,206
int,[int],0.7853560447692871,0.0,0.0,0.0,0,8,783,206
continu,[continue],0.791374146938324,0.0,0.0,0.0,0,2,789,206
loop,[looping],0.7923771142959595,0.0,0.0,0.0,0,1,790,206
entiti,[entity],0.791374146938324,0.0,0.0,0.0,0,2,789,206
renam,[rename],0.791374146938324,0.0,0.0,0.0,0,2,789,206
matcher,[matcher],0.7923771142959595,0.0,0.0,0.0,0,1,790,206
reconcil,[reconcile],0.791374146938324,0.0,0.0,0.0,0,2,789,206
ref,[ref],0.7883650660514832,0.0,0.0,0.0,0,5,786,206
writer,[writer],0.791374146938324,0.0,0.0,0.0,0,2,789,206
captur,[capture],0.7923771142959595,0.0,0.0,0.0,0,1,790,206
non,[non],0.7923771142959595,0.0,0.0,0.0,0,1,790,206
float,[float],0.7893680930137634,0.0,0.0,0.0,0,4,787,206
verbos,[verbose],0.7923771142959595,0.0,0.0,0.0,0,1,790,206
compound,[compound],0.791374146938324,0.0,0.0,0.0,0,2,789,206
recov,[recovered],0.7803410291671753,0.0,0.0,0.0,0,13,778,206
prefer,[preference],0.791374146938324,0.0,0.0,0.0,0,2,789,206
verif,[verification],0.791374146938324,0.0,0.0,0.0,0,2,789,206
param,[param],0.791374146938324,0.0,0.0,0.0,0,2,789,206
infer,[inference],0.7923771142959595,0.0,0.0,0.0,0,1,790,206
directori,[directory],0.7883650660514832,0.0,0.0,0.0,0,5,786,206
memori,[memory],0.7923771142959595,0.0,0.0,0.0,0,1,790,206
syntax,[syntax],0.7923771142959595,0.0,0.0,0.0,0,1,790,206
propag,[propagator],0.791374146938324,0.0,0.0,0.0,0,2,789,206
track,[tracked],0.7923771142959595,0.0,0.0,0.0,0,1,790,206
posit,[position],0.7923771142959595,0.0,0.0,0.0,0,1,790,206
struct,[struct],0.791374146938324,0.0,0.0,0.0,0,2,789,206
check,[check],0.7923771142959595,0.0,0.0,0.0,0,1,790,206
debug,[debug],0.7923771142959595,0.0,0.0,0.0,0,1,790,206
rule,[rule],0.7903711199760437,0.0,0.0,0.0,0,3,788,206
queue,[queue],0.7923771142959595,0.0,0.0,0.0,0,1,790,206
boolean,[boolean],0.791374146938324,0.0,0.0,0.0,0,2,789,206
pars,[parsing],0.791374146938324,0.0,0.0,0.0,0,2,789,206
all,[all],0.7923771142959595,0.0,0.0,0.0,0,1,790,206
write,[write],0.7923771142959595,0.0,0.0,0.0,0,1,790,206
statu,[status],0.7923771142959595,0.0,0.0,0.0,0,1,790,206
catch,[catch],0.7923771142959595,0.0,0.0,0.0,0,1,790,206
claus,[clause],0.7923771142959595,0.0,0.0,0.0,0,1,790,206
remov,[remove],0.791374146938324,0.0,0.0,0.0,0,2,789,206
from,[from],0.791374146938324,0.0,0.0,0.0,0,2,789,206
build,[build],0.7903711199760437,0.0,0.0,0.0,0,3,788,206
user,[user],0.7893680930137634,0.0,0.0,0.0,0,4,787,206
librari,[library],0.7893680930137634,0.0,0.0,0.0,0,4,787,206
optim,[optimized],0.7923771142959595,0.0,0.0,0.0,0,1,790,206
replac,[replace],0.7923771142959595,0.0,0.0,0.0,0,1,790,206
edit,[edit],0.7923771142959595,0.0,0.0,0.0,0,1,790,206
modifi,[modify; modifier],0.7903711199760437,0.0,0.0,0.0,0,3,788,206
listen,[listener],0.7923771142959595,0.0,0.0,0.0,0,1,790,206
configur,[configurable],0.7923771142959595,0.0,0.0,0.0,0,1,790,206
kei,[key],0.7883650660514832,0.0,0.0,0.0,0,5,786,206
object,[object],0.7873620986938477,0.0,0.0,0.0,0,6,785,206
answer,[answer],0.7923771142959595,0.0,0.0,0.0,0,1,790,206
marker,[marker],0.7903711199760437,0.0,0.0,0.0,0,3,788,206
registri,[registry],0.7923771142959595,0.0,0.0,0.0,0,1,790,206
visibl,[visible],0.791374146938324,0.0,0.0,0.0,0,2,789,206
do,[do],0.791374146938324,0.0,0.0,0.0,0,2,789,206
gener,[generic],0.791374146938324,0.0,0.0,0.0,0,2,789,206
abort,[abort],0.7873620986938477,0.0,0.0,0.0,0,6,785,206
infix,[infix],0.7923771142959595,0.0,0.0,0.0,0,1,790,206
word,[word],0.7923771142959595,0.0,0.0,0.0,0,1,790,206
synchron,[synchronized],0.791374146938324,0.0,0.0,0.0,0,2,789,206
insid,[inside],0.7923771142959595,0.0,0.0,0.0,0,1,790,206
anonym,[anonymous],0.7923771142959595,0.0,0.0,0.0,0,1,790,206
weak,[weak],0.791374146938324,0.0,0.0,0.0,0,2,789,206
unari,[unary],0.7923771142959595,0.0,0.0,0.0,0,1,790,206
flag,[flags],0.791374146938324,0.0,0.0,0.0,0,2,789,206
while,[while],0.791374146938324,0.0,0.0,0.0,0,2,789,206
instanceof,[instanceof],0.7923771142959595,0.0,0.0,0.0,0,1,790,206
helper,[helper],0.7923771142959595,0.0,0.0,0.0,0,1,790,206
global,[global],0.791374146938324,0.0,0.0,0.0,0,2,789,206
in,[in],0.7923771142959595,0.0,0.0,0.0,0,1,790,206
assign,[assignment],0.7903711199760437,0.0,0.0,0.0,0,3,788,206
align,[alignment],0.791374146938324,0.0,0.0,0.0,0,2,789,206
categor,[categorized],0.7923771142959595,0.0,0.0,0.0,0,1,790,206
applic,[application],0.7923771142959595,0.0,0.0,0.0,0,1,790,206
becom,[become],0.7923771142959595,0.0,0.0,0.0,0,1,790,206
event,[event],0.7863590717315674,0.0,0.0,0.0,0,7,784,206
enclos,[enclosing],0.7923771142959595,0.0,0.0,0.0,0,1,790,206
overflow,[overflowing],0.7923771142959595,0.0,0.0,0.0,0,1,790,206
integ,[integer],0.7923771142959595,0.0,0.0,0.0,0,1,790,206
inform,[information],0.791374146938324,0.0,0.0,0.0,0,2,789,206
magic,[magic],0.7923771142959595,0.0,0.0,0.0,0,1,790,206
target,[target],0.7923771142959595,0.0,0.0,0.0,0,1,790,206
comput,[computer],0.7923771142959595,0.0,0.0,0.0,0,1,790,206
disk,[disk],0.7923771142959595,0.0,0.0,0.0,0,1,790,206
equal,[equal],0.7923771142959595,0.0,0.0,0.0,0,1,790,206
postfix,[postfix],0.791374146938324,0.0,0.0,0.0,0,2,789,206
request,[request],0.7923771142959595,0.0,0.0,0.0,0,1,790,206
handler,[handler],0.791374146938324,0.0,0.0,0.0,0,2,789,206
fals,[false],0.7923771142959595,0.0,0.0,0.0,0,1,790,206
commit,[commit],0.7923771142959595,0.0,0.0,0.0,0,1,790,206
short,[short],0.7923771142959595,0.0,0.0,0.0,0,1,790,206
instal,[install],0.7923771142959595,0.0,0.0,0.0,0,1,790,206
naiv,[naive],0.7923771142959595,0.0,0.0,0.0,0,1,790,206
open,[openable],0.791374146938324,0.0,0.0,0.0,0,2,789,206
data,[data],0.7923771142959595,0.0,0.0,0.0,0,1,790,206
discard,[discard],0.7923771142959595,0.0,0.0,0.0,0,1,790,206
min,[min],0.791374146938324,0.0,0.0,0.0,0,2,789,206
enhanc,[enhanced],0.7923771142959595,0.0,0.0,0.0,0,1,790,206
compar,[comparator],0.7923771142959595,0.0,0.0,0.0,0,1,790,206
buffer,[buffer],0.7863590717315674,0.0,0.0,0.0,0,7,784,206
path,[path],0.7923771142959595,0.0,0.0,0.0,0,1,790,206
collector,[collector],0.7903711199760437,0.0,0.0,0.0,0,3,788,206
final,[finally],0.7923771142959595,0.0,0.0,0.0,0,1,790,206
null,[null],0.7893680930137634,0.0,0.0,0.0,0,4,787,206
hash,[hash],0.7883650660514832,0.0,0.0,0.0,0,5,786,206
cursor,[cursor],0.7923771142959595,0.0,0.0,0.0,0,1,790,206
cascad,[cascading],0.7923771142959595,0.0,0.0,0.0,0,1,790,206
restrict,[restriction],0.7923771142959595,0.0,0.0,0.0,0,1,790,206
conflict,[conflict],0.7923771142959595,0.0,0.0,0.0,0,1,790,206
lex,[lex],0.7923771142959595,0.0,0.0,0.0,0,1,790,206
detector,[detector],0.7923771142959595,0.0,0.0,0.0,0,1,790,206
kind,[kind],0.7923771142959595,0.0,0.0,0.0,0,1,790,206
indent,[indent],0.7923771142959595,0.0,0.0,0.0,0,1,790,206
manipul,[manipulation],0.7923771142959595,0.0,0.0,0.0,0,1,790,206
concaten,[concatenation],0.7923771142959595,0.0,0.0,0.0,0,1,790,206
skeleton,[skeleton],0.7923771142959595,0.0,0.0,0.0,0,1,790,206
job,[job],0.7903711199760437,0.0,0.0,0.0,0,3,788,206
child,[child],0.791374146938324,0.0,0.0,0.0,0,2,789,206
progress,[progress],0.7923771142959595,0.0,0.0,0.0,0,1,790,206
sibl,[sibling],0.7923771142959595,0.0,0.0,0.0,0,1,790,206
brank,[brank],0.7923771142959595,0.0,0.0,0.0,0,1,790,206
raw,[raw],0.7923771142959595,0.0,0.0,0.0,0,1,790,206
sort,[sort],0.7923771142959595,0.0,0.0,0.0,0,1,790,206
uncondit,[unconditional],0.7923771142959595,0.0,0.0,0.0,0,1,790,206
system,[system],0.7923771142959595,0.0,0.0,0.0,0,1,790,206
should,[should],0.7923771142959595,0.0,0.0,0.0,0,1,790,206
not,[not],0.7923771142959595,0.0,0.0,0.0,0,1,790,206
implement,[implement],0.7923771142959595,0.0,0.0,0.0,0,1,790,206
